CustomerID,Age,AnnualIncome,LoanAmount,CreditScore,LoanTerm,ExistingDebt,Default
1,21,80448,27761,817,36,10975,0
2,57,49434,41546,828,36,35616,1
3,55,101896,41712,497,60,22864,1
4,66,99625,42240,690,60,31716,0
5,57,57581,15362,486,12,8342,1
6,53,31293,39386,539,12,13119,1
7,44,71781,39086,835,36,27518,0
8,29,33382,6348,584,60,4058,1
9,70,81701,42588,778,12,17026,0
10,33,77471,17478,842,48,6305,0
11,68,111845,11671,595,12,4427,1
12,30,102277,24373,392,48,4040,1
13,24,31664,6442,749,48,3215,0
14,38,108852,24566,778,60,13407,0
15,60,114621,33245,845,48,26942,0
16,52,96884,38068,667,48,8026,0
17,66,111137,10231,495,24,2140,1
18,56,47316,6157,418,12,3270,1
19,30,64865,23292,361,36,19765,1
20,59,75483,26941,558,12,22800,1
21,25,28124,6533,423,36,6287,1
22,44,87275,41540,846,12,5551,0
23,19,119450,38088,485,36,30434,1
24,51,98283,21550,850,48,8475,0
25,32,31551,33327,704,12,5162,0
26,52,93444,9421,311,36,2760,1
27,49,102118,29777,499,24,22712,1
28,44,111501,29540,741,48,5501,0
29,25,97206,44877,398,24,2919,1
30,54,69029,44108,823,12,43087,1
31,62,89209,43960,332,48,34909,1
32,65,89907,7129,422,60,3259,1
33,23,27967,13510,527,60,7663,1
34,46,90538,27465,430,12,17240,1
35,36,74504,40170,723,60,4529,0
36,63,77437,43454,532,12,17043,1
37,60,57007,27357,592,60,11970,1
38,62,105593,37616,548,12,28227,1
39,60,97945,46712,356,24,43627,1
40,62,110415,47961,706,24,17285,0
41,29,60163,31397,400,36,23744,1
42,27,98875,24697,550,36,2780,1
43,25,43248,30872,389,24,3525,1
44,40,73784,15547,778,24,3824,0
45,29,98675,47733,455,60,26815,1
46,34,97641,10847,514,48,10207,1
47,43,119345,10760,384,12,10065,1
48,62,30609,9519,538,48,6971,1
49,34,114858,27016,457,60,23487,1
50,62,90200,29184,699,24,19834,0
51,66,74361,23109,321,24,2413,1
52,54,66645,38371,805,12,10851,0
53,43,43519,29189,493,12,28396,1
54,18,52569,33787,541,36,4092,1
55,67,105621,46337,413,60,36596,1
56,48,79221,8459,308,36,2271,1
57,51,81516,38205,350,24,8504,1
58,32,110163,30986,371,60,15427,1
59,52,119910,10470,516,36,8448,1
60,54,86552,23901,486,24,15952,1
61,65,100447,43828,657,36,18249,0
62,50,45840,46686,779,24,18778,0
63,43,119371,30290,712,60,15668,0
64,24,82406,27542,350,60,20139,1
65,61,83391,23047,321,24,2307,1
66,36,39253,16519,707,48,8552,0
67,67,41553,24309,565,36,23443,1
68,69,51274,35670,613,36,3273,0
69,41,47231,17799,386,48,9087,1
70,33,41441,12903,317,48,6112,1
71,43,105128,22710,336,36,15924,1
72,64,113753,29553,628,12,21255,0
73,64,28284,16073,300,24,10727,1
74,43,64683,31001,574,24,646,1
75,34,27654,48834,751,48,46397,1
76,30,64876,17589,347,60,8984,1
77,54,79747,8343,437,12,1190,1
78,27,68635,7126,361,48,2569,1
79,43,99174,23240,315,48,14421,1
80,52,92376,12190,394,60,8675,1
81,22,38513,48332,616,12,36920,1
82,43,87432,45958,752,48,31288,0
83,54,38416,47092,808,12,46223,1
84,29,115205,28318,647,48,12519,0
85,29,32196,33289,673,24,27487,1
86,21,61985,14690,545,48,696,1
87,50,27535,13868,545,24,8415,1
88,39,79722,9041,808,36,2378,0
89,64,25566,34249,476,24,245,1
90,41,38334,38562,784,12,251,0
91,30,44402,5714,575,36,2173,1
92,63,41175,5748,497,48,2288,1
93,55,33115,10378,391,60,5798,1
94,34,45622,24088,693,36,12100,0
95,34,64153,29602,383,24,23224,1
96,49,111594,35819,522,60,19313,1
97,24,90828,21169,465,60,2658,1
98,36,72552,18386,635,24,18259,0
99,25,108419,36154,485,48,33015,1
100,32,89058,38248,616,48,33634,0
101,52,50911,43691,386,48,26708,1
102,38,25809,12780,538,60,12655,1
103,36,64906,35490,468,60,28548,1
104,47,88297,9936,850,60,7881,0
105,65,36339,24257,445,12,22322,1
106,59,116038,12508,438,36,114,1
107,69,75522,14945,534,24,12740,1
108,28,64482,42595,355,24,39397,1
109,52,73130,15035,417,36,2854,1
110,49,41222,20221,731,36,18888,0
111,53,44745,8427,733,60,1713,0
112,65,45351,37883,811,24,34789,1
113,51,76879,21322,554,24,3409,1
114,50,58173,33841,621,60,10066,0
115,44,98770,44308,386,60,24604,1
116,23,77599,29638,431,60,27988,1
117,59,103249,5474,303,36,4894,1
118,36,86730,30754,664,36,26246,0
119,44,73799,22935,338,12,13849,1
120,62,107890,46302,584,12,9067,1
121,22,91124,14187,401,12,2311,1
122,59,93193,41798,639,48,31331,0
123,36,29459,15043,527,60,12791,1
124,50,91993,24151,844,60,18838,0
125,51,70645,21342,653,48,16797,0
126,57,64724,11945,326,24,11935,1
127,69,90491,30253,348,48,4782,1
128,38,74315,14232,630,36,11173,0
129,55,47406,27287,435,24,22645,1
130,56,39224,28740,333,12,8934,1
131,26,75690,24769,395,60,20094,1
132,35,47180,26572,498,60,16950,1
133,31,107146,14756,365,24,6003,1
134,20,28189,8030,711,60,4172,0
135,50,54180,39059,710,24,25577,0
136,40,83886,46311,760,24,4676,0
137,70,64034,22772,737,12,7325,0
138,54,44228,29524,648,48,16964,0
139,45,105914,18975,757,60,13635,0
140,28,106106,38691,532,24,15999,1
141,18,105719,30886,367,60,15678,1
142,54,74597,28211,406,24,9665,1
143,68,81267,8808,364,60,1327,1
144,25,53456,48815,806,48,10151,0
145,33,29134,19180,819,36,3456,0
146,52,87189,32501,693,12,12364,0
147,32,70502,48507,716,60,46460,1
148,36,70312,38014,635,60,28371,0
149,51,96693,41921,688,48,1090,0
150,70,105485,38890,776,48,19852,0
151,63,105671,44393,496,48,26972,1
152,56,71216,42262,776,36,3414,0
153,25,70095,38651,419,60,35134,1
154,26,114914,33392,745,36,14905,0
155,54,95915,10389,753,60,4929,0
156,59,69464,49502,452,48,5592,1
157,29,108685,30562,734,12,3842,0
158,24,116220,22916,347,12,4151,1
159,53,75346,14164,330,12,9783,1
160,26,29373,33193,349,24,1576,1
161,31,79672,44171,644,36,42927,1
162,39,90762,23315,763,60,14942,0
163,20,81314,15999,754,60,2700,0
164,20,28066,18033,504,36,8081,1
165,61,68795,7153,378,48,3232,1
166,58,104020,35564,741,60,15158,0
167,28,46376,27060,403,36,5654,1
168,56,27466,37469,534,24,3628,1
169,35,60423,49080,731,24,26696,0
170,70,49430,35604,567,48,33518,1
171,30,58151,36586,509,48,34069,1
172,67,119396,5249,703,24,1025,0
173,28,104951,46166,684,36,30854,0
174,61,72568,10641,535,60,8516,1
175,31,42731,31160,419,36,4708,1
176,38,89802,21967,521,60,19844,1
177,30,99006,5678,344,36,218,1
178,29,81638,21086,553,24,14459,1
179,55,104869,30511,495,48,16644,1
180,49,26600,38496,633,48,35104,1
181,38,112022,45971,797,12,21476,0
182,52,111281,32995,812,60,19145,0
183,70,48351,44168,487,36,40351,1
184,39,38469,36486,806,24,3342,0
185,45,107435,22829,450,12,11121,1
186,56,90767,26891,492,60,15900,1
187,49,28949,18735,577,60,8863,1
188,29,37141,49850,674,48,8795,0
189,35,90443,36692,786,60,10774,0
190,37,100243,42564,363,36,14511,1
191,42,53248,11793,358,60,6751,1
192,61,65681,44399,380,12,25376,1
193,39,25969,45929,669,12,41420,1
194,19,54544,8364,533,24,4027,1
195,40,82274,19765,404,48,7862,1
196,23,77862,27530,352,60,4321,1
197,26,43908,45272,766,48,41674,1
198,40,98405,16553,332,60,12296,1
199,61,78568,12701,654,36,437,0
200,61,49569,45087,452,12,12558,1
201,31,64055,30773,734,48,6117,0
202,60,96057,18196,428,48,7070,1
203,43,61346,28211,495,60,24817,1
204,24,106309,8931,444,48,5840,1
205,21,55789,49208,379,36,48185,1
206,62,111969,20503,700,36,6292,0
207,19,82729,17254,614,48,12728,0
208,52,39988,21391,526,48,5250,1
209,27,85709,42941,531,36,29107,1
210,36,36515,9018,636,60,478,0
211,59,64657,8834,383,48,786,1
212,34,115160,41268,483,36,13370,1
213,62,110422,22390,571,48,20941,1
214,51,52795,37292,378,48,14891,1
215,37,115173,45441,744,24,36071,0
216,37,67585,42227,842,36,12321,0
217,62,109900,12143,820,60,11714,0
218,42,108082,26248,481,24,10779,1
219,53,56631,39624,344,12,6650,1
220,67,90133,37619,819,12,16091,0
221,44,71228,34175,694,24,17401,0
222,56,41164,26584,388,48,12524,1
223,46,80493,27957,410,36,21818,1
224,36,62398,22035,468,36,7526,1
225,19,75535,9316,759,60,8372,0
226,22,112674,26348,483,60,18986,1
227,25,69323,26361,673,12,12969,0
228,64,79909,25421,718,24,14259,0
229,40,61314,6177,450,60,4302,1
230,40,37164,43463,781,36,8612,0
231,38,119804,26460,335,24,5898,1
232,56,89896,23286,505,60,5005,1
233,30,46245,29107,772,48,14804,0
234,48,109825,44821,434,24,33937,1
235,46,119346,15872,606,36,11739,0
236,29,53822,22275,782,12,17033,0
237,33,111530,38980,534,12,28846,1
238,38,34761,42966,306,24,36018,1
239,31,50552,28387,366,48,1686,1
240,45,61880,16605,715,36,11027,0
241,44,62293,32036,426,24,27546,1
242,30,98337,18122,724,12,7636,0
243,36,53251,33809,781,24,24324,0
244,19,44082,31484,551,48,23625,1
245,25,63911,17237,785,36,2899,0
246,45,60780,8882,346,24,1455,1
247,56,83139,16761,614,48,3678,0
248,23,77168,36170,349,60,25325,1
249,19,60717,13677,689,48,5469,0
250,38,91918,44081,811,24,243,0
251,43,63189,49039,592,24,12500,1
252,48,78486,29763,622,48,20283,0
253,41,35655,31240,605,48,9315,0
254,55,85363,19920,373,60,12980,1
255,58,46565,45899,649,60,25777,1
256,29,46225,22589,709,60,4220,0
257,64,66055,19339,453,36,779,1
258,39,97459,5670,688,12,970,0
259,32,40978,43417,661,12,23859,1
260,43,81294,20255,304,24,11500,1
261,26,89803,42728,437,24,25952,1
262,60,94630,19616,334,48,2712,1
263,21,45865,29127,428,60,7824,1
264,51,88884,9432,431,48,8942,1
265,34,34353,42985,409,60,32973,1
266,26,108976,47909,733,24,21792,0
267,29,45248,24366,719,12,23727,1
268,67,83281,12471,365,60,8460,1
269,29,101828,29909,356,24,12620,1
270,19,110037,8933,663,12,5584,0
271,61,26708,16802,489,36,6506,1
272,22,97426,37400,608,60,8798,0
273,64,94888,8489,442,36,1914,1
274,21,81962,27913,446,36,7179,1
275,42,78987,20221,763,12,7950,0
276,68,96220,21694,680,36,8073,0
277,35,76779,49867,473,36,20788,1
278,20,42296,9052,380,24,5833,1
279,62,101305,49925,711,48,3419,0
280,40,66451,19935,557,48,16859,1
281,64,32891,8600,638,12,972,0
282,45,69430,5679,641,24,324,0
283,19,26955,38067,535,60,36139,1
284,33,94995,30275,301,60,21166,1
285,21,105209,46769,680,12,44043,0
286,54,26718,25167,548,36,8096,1
287,49,113227,44208,506,24,10145,1
288,47,50737,24127,589,48,12139,1
289,22,56550,17686,610,48,7294,0
290,68,58748,8746,350,12,6065,1
291,28,103216,7702,736,36,1909,0
292,21,82107,38404,587,60,21769,1
293,61,64617,44338,560,60,14049,1
294,43,69673,14597,735,12,2682,0
295,24,78330,7127,696,36,3813,0
296,36,72890,7454,838,60,1939,0
297,68,81400,10998,403,60,7535,1
298,50,67978,30852,619,36,23654,0
299,65,115082,10508,821,36,369,0
300,23,95295,45082,499,24,14251,1
301,41,41161,25268,485,48,22166,1
302,36,97562,11644,737,60,2244,0
303,56,95984,25456,309,60,11588,1
304,32,79322,29090,459,60,19387,1
305,32,32006,18277,410,48,704,1
306,59,56413,8379,581,60,2039,1
307,45,40043,26729,759,48,26310,1
308,18,45437,27366,747,48,6084,0
309,36,75634,35167,512,24,16657,1
310,42,93657,9754,727,60,8721,0
311,46,86400,38724,479,60,15702,1
312,42,79204,22375,525,36,17511,1
313,26,83943,49751,408,36,11291,1
314,48,28212,13438,643,12,7641,0
315,36,41502,15889,440,36,1416,1
316,68,99062,20897,511,60,17392,1
317,65,119522,20578,621,36,4519,0
318,70,111949,43478,725,24,27362,0
319,34,91327,36073,745,60,33001,0
320,42,58945,23653,377,36,14348,1
321,57,72628,49200,724,12,33251,0
322,41,87360,44126,720,48,31675,0
323,35,26470,21464,397,12,5711,1
324,60,62725,38902,520,12,4229,1
325,44,63634,30695,530,48,3760,1
326,22,39403,36606,602,48,27461,1
327,18,76405,34041,410,60,31744,1
328,59,75068,35688,801,36,33175,0
329,26,118834,11150,321,12,3888,1
330,60,48535,9107,452,12,6698,1
331,45,43236,12548,494,36,4459,1
332,61,30287,15498,459,36,2335,1
333,44,43729,30786,736,12,20714,0
334,38,64116,28538,745,60,21034,0
335,37,98513,8420,387,24,2582,1
336,48,107881,5453,518,36,4918,1
337,42,32030,27555,586,24,12905,1
338,49,101647,23967,410,36,1665,1
339,30,42665,11527,444,60,9942,1
340,18,74370,37035,439,60,22137,1
341,49,53444,30703,519,60,27936,1
342,26,81874,43060,385,48,33998,1
343,69,87424,33006,517,36,18334,1
344,32,113122,23906,325,48,6624,1
345,48,60472,29422,321,36,516,1
346,30,101798,17350,650,48,5368,0
347,24,56245,34054,705,12,3246,0
348,57,46353,45072,300,24,40412,1
349,44,98900,29667,430,48,1186,1
350,34,64828,46352,754,24,1330,0
351,44,30532,7514,624,12,6199,0
352,40,117714,41341,604,36,34369,0
353,70,81179,34104,664,36,19527,0
354,61,74877,43708,558,24,38460,1
355,36,101335,45282,493,36,4770,1
356,29,80448,42732,748,12,3498,0
357,45,47450,12967,430,60,3469,1
358,51,39704,35430,738,36,17994,0
359,70,91836,26108,391,12,26022,1
360,34,90919,19789,811,48,14767,0
361,34,78014,40608,664,48,9740,0
362,67,54532,26677,432,12,16917,1
363,37,77760,40760,357,36,14859,1
364,52,106116,20291,586,60,6052,1
365,50,101323,41038,836,36,40649,0
366,22,83605,11322,447,24,7447,1
367,63,89603,41237,349,36,16033,1
368,25,76574,47859,310,48,35757,1
369,55,34347,38715,380,36,29077,1
370,24,61593,40388,456,12,8352,1
371,43,115069,30114,746,12,8768,0
372,66,73815,9045,606,36,6973,0
373,56,70572,23854,392,12,8385,1
374,61,67216,10640,553,24,871,1
375,45,52496,24076,767,12,20449,0
376,24,63253,25587,714,36,3455,0
377,43,42376,45814,394,48,44482,1
378,38,27912,23876,726,12,17526,1
379,28,82070,36978,522,48,26406,1
380,28,87060,33874,393,24,26906,1
381,60,35767,21337,762,48,1081,0
382,18,76162,24217,633,12,4698,0
383,20,85750,37287,686,36,31893,0
384,27,107305,33769,774,48,27838,0
385,36,82081,11132,705,12,10836,0
386,48,72313,38428,413,60,3649,1
387,53,32809,37606,620,60,6079,0
388,28,72367,44663,826,24,14415,0
389,23,29434,9697,381,36,9518,1
390,33,64677,45173,673,12,6972,0
391,64,78392,44870,757,60,20557,0
392,28,95022,25231,330,12,2835,1
393,23,91921,48613,400,12,6457,1
394,48,28106,41939,512,36,41099,1
395,67,77453,7575,389,60,1353,1
396,65,107417,30216,440,36,29251,1
397,52,87381,26229,760,36,5280,0
398,29,107225,33241,661,60,2306,0
399,21,99741,7831,790,48,5685,0
400,28,112216,36910,502,24,15491,1
401,59,42230,14004,809,36,2631,0
402,26,106806,28272,658,48,20551,0
403,50,105292,24522,554,48,8442,1
404,33,59400,36342,574,24,30974,1
405,45,81951,32797,815,48,22756,0
406,27,27652,28344,442,24,7525,1
407,35,79585,5665,732,48,1904,0
408,40,97581,20706,837,48,13329,0
409,33,34605,42813,489,36,464,1
410,43,78689,32478,691,12,30820,0
411,49,62540,26609,546,48,22942,1
412,25,79102,42662,781,48,37307,0
413,31,109174,6498,356,12,3511,1
414,40,87376,27546,618,60,9078,0
415,26,59173,5158,774,36,1727,0
416,52,109474,17775,440,12,16461,1
417,59,110949,14504,353,12,12058,1
418,58,35140,40976,508,36,356,1
419,67,98479,33891,845,36,10490,0
420,47,60695,21980,355,12,21670,1
421,70,28861,25959,536,12,10958,1
422,54,59917,22561,760,60,17626,0
423,51,72914,33182,829,12,20586,0
424,59,69065,36847,848,24,32823,0
425,54,67036,27592,372,12,7667,1
426,65,37937,37499,379,24,8988,1
427,23,54652,29399,309,36,831,1
428,61,39599,27353,506,36,11478,1
429,31,82146,47674,497,24,40508,1
430,46,94435,7931,469,36,200,1
431,45,69262,12507,551,60,2225,1
432,50,99602,35265,433,12,31225,1
433,21,72278,36294,794,24,14380,0
434,68,110112,18065,687,48,5650,0
435,35,64499,8767,336,48,7849,1
436,38,92241,43116,598,24,20417,1
437,59,58062,44162,714,36,28431,0
438,66,112517,17820,771,36,4746,0
439,30,58089,46155,469,48,34408,1
440,65,58162,37891,755,48,15565,0
441,29,116536,49945,595,60,17453,1
442,27,104235,29511,826,60,23149,0
443,47,70325,27762,547,36,8474,1
444,41,87211,36434,661,24,9196,0
445,65,46664,13347,644,24,8628,0
446,35,43756,44564,446,12,36414,1
447,58,68170,37210,556,36,28958,1
448,40,56195,26245,328,24,9878,1
449,59,95706,30646,571,48,11315,1
450,50,47924,39914,560,24,11825,1
451,51,100071,17613,340,24,10615,1
452,21,43957,9103,522,24,4341,1
453,35,35832,41021,455,12,33068,1
454,45,62275,38950,516,36,6179,1
455,36,57066,27620,321,48,12879,1
456,45,58980,23041,519,12,5091,1
457,58,87194,37857,806,60,33258,0
458,68,81903,45191,340,60,1292,1
459,42,94638,10010,514,48,8344,1
460,63,99220,10304,554,36,3018,1
461,57,111507,14614,808,36,3122,0
462,33,100352,25029,569,60,17552,1
463,48,119788,36207,513,48,1940,1
464,40,33566,34366,479,48,31241,1
465,27,119103,18093,720,60,8998,0
466,29,58551,49886,351,48,841,1
467,22,32860,7254,667,48,2342,0
468,47,75623,21611,828,12,5880,0
469,31,97461,40596,364,12,38888,1
470,42,110919,42380,572,24,10219,1
471,58,81164,41668,358,48,27243,1
472,61,29145,25375,685,36,15877,1
473,50,27140,47575,361,24,42622,1
474,54,113858,38070,508,36,28530,1
475,45,108243,38498,340,60,21309,1
476,67,80648,17279,724,36,1136,0
477,22,61981,45472,482,60,18827,1
478,45,87523,45831,734,48,14144,0
479,42,98867,18943,304,12,18719,1
480,52,59966,5803,834,24,1930,0
481,25,99138,12452,490,24,390,1
482,66,73874,47395,841,60,25026,0
483,63,105649,40200,714,24,29929,0
484,48,100014,41584,602,60,20887,0
485,54,92984,37047,513,12,29599,1
486,28,49416,41064,551,36,40483,1
487,21,54490,23131,544,24,10358,1
488,59,65122,45190,844,48,6288,0
489,54,104751,33918,304,12,27138,1
490,23,107059,12903,430,36,8002,1
491,32,91183,49776,713,60,48253,1
492,40,79332,42081,427,48,24523,1
493,49,30822,38501,738,36,17638,1
494,64,111294,13396,530,12,6429,1
495,31,66239,11029,576,24,9894,1
496,44,71964,30319,518,24,26968,1
497,61,83989,44951,510,36,21915,1
498,47,54523,30268,631,36,3649,0
499,18,31908,21286,509,36,1294,1
500,50,72193,35180,501,36,5444,1
501,34,113739,6834,684,48,2856,0
502,51,86475,46117,317,60,39132,1
503,37,95375,36980,771,48,31837,0
504,24,75730,20403,359,48,5604,1
505,22,32721,24081,490,60,14997,1
506,60,117106,11281,301,12,5208,1
507,68,78508,5235,754,24,3179,0
508,29,83373,10877,500,36,4833,1
509,56,31550,22906,670,60,2067,0
510,66,57165,47637,361,12,261,1
511,18,117772,18534,814,24,1047,0
512,28,51726,19153,485,12,15281,1
513,67,81229,17379,752,24,8383,0
514,54,80935,30235,541,24,22543,1
515,38,49015,19570,486,48,5790,1
516,18,84414,26670,662,36,24531,0
517,62,97034,10223,464,60,3373,1
518,69,75401,11711,332,24,1380,1
519,66,92005,20118,736,12,11731,0
520,58,66396,38321,639,12,6287,0
521,43,71866,21700,691,24,21281,0
522,26,85631,19196,567,24,2383,1
523,44,102790,41112,319,12,5942,1
524,60,79817,37256,686,60,31868,0
525,53,105819,18453,677,48,1621,0
526,44,44517,21301,453,48,738,1
527,28,48113,29908,490,36,25192,1
528,68,36543,35448,320,12,10032,1
529,62,40512,39246,676,48,115,0
530,62,105383,5731,593,36,4970,1
531,22,55150,38852,509,12,35986,1
532,53,93978,19327,591,36,15258,1
533,42,48967,28226,451,60,10169,1
534,55,107042,16003,475,48,6813,1
535,67,108072,20001,732,24,13551,0
536,24,66625,47225,850,60,23324,0
537,68,31352,15416,780,12,2034,0
538,30,114665,35753,312,36,27533,1
539,64,65470,11344,437,36,1412,1
540,53,31815,27575,384,24,11863,1
541,35,105301,21335,445,36,14208,1
542,47,37806,41254,807,48,32439,1
543,64,74605,19895,473,48,10388,1
544,39,67271,29018,457,12,23020,1
545,29,99221,14490,578,24,13826,1
546,60,34809,14083,579,36,12668,1
547,39,77719,7346,323,24,3262,1
548,55,107892,8543,575,12,989,1
549,23,47007,37100,630,24,23579,1
550,69,49254,23855,300,24,14990,1
551,59,57129,33843,356,48,13682,1
552,41,51427,9159,367,12,540,1
553,53,43591,45796,649,36,40105,1
554,22,96056,9863,670,60,7932,0
555,36,51095,37745,465,12,34195,1
556,35,97053,15938,492,60,15933,1
557,62,100714,17759,734,12,15027,0
558,21,63046,14967,767,24,3419,0
559,61,66715,7633,725,60,5374,0
560,46,116219,19318,720,36,43,0
561,60,58963,16092,500,36,15535,1
562,34,100707,49537,757,36,33783,0
563,20,86502,12477,633,36,9214,0
564,51,103356,36901,530,60,12439,1
565,27,58215,37767,519,36,9765,1
566,60,50974,43645,475,36,22729,1
567,63,105475,19418,786,60,9141,0
568,62,101649,38293,434,48,29763,1
569,38,71045,37804,337,60,2254,1
570,52,110531,5547,586,60,3604,1
571,46,57856,13165,845,36,547,0
572,36,111134,44683,550,24,29394,1
573,18,54560,20007,600,12,14400,0
574,55,84438,22444,805,12,10898,0
575,30,56357,32858,479,24,11422,1
576,21,108728,13052,657,60,1754,0
577,30,119543,49468,711,48,34203,0
578,55,49124,19612,754,36,15598,0
579,45,56183,44702,400,36,42631,1
580,26,90086,40976,465,24,12091,1
581,47,93964,14332,645,48,1684,0
582,29,55927,22765,549,36,8341,1
583,43,119173,39787,362,24,38431,1
584,62,62522,32506,305,36,9277,1
585,36,88372,28319,583,60,3012,1
586,27,36416,7194,786,36,1511,0
587,26,73227,14958,303,12,8922,1
588,41,73820,41311,581,36,31953,1
589,28,40358,22421,714,12,8408,0
590,40,50044,35399,336,24,25256,1
591,57,92914,8273,469,48,4277,1
592,35,71116,26425,615,36,21773,0
593,30,45605,34945,622,36,18578,0
594,30,47789,15321,738,12,8184,0
595,70,40866,41609,395,24,38730,1
596,23,90389,27911,749,48,11190,0
597,50,85214,46505,441,24,6972,1
598,55,91366,14768,349,12,225,1
599,18,75873,41060,722,12,3677,0
600,66,91744,18218,401,24,9146,1
601,68,98904,26144,713,24,23991,0
602,60,86411,42373,612,48,31092,0
603,67,70060,34110,408,60,31083,1
604,54,71835,48371,314,60,30637,1
605,44,46821,40036,801,12,24077,1
606,23,68093,19772,463,48,3657,1
607,29,90066,40880,321,36,34127,1
608,36,26249,10159,525,12,1306,1
609,38,42838,8996,788,36,6144,0
610,26,32812,40597,355,60,25489,1
611,56,87069,12187,415,36,7251,1
612,29,48584,9895,388,12,6373,1
613,69,35996,20745,570,24,16702,1
614,53,78823,27265,756,36,2418,0
615,44,97501,5016,621,36,3730,0
616,42,99771,39837,763,60,677,0
617,35,68070,20069,767,36,474,0
618,20,103189,35425,439,36,12560,1
619,20,76103,20720,662,48,10404,0
620,53,44383,7928,628,48,3809,0
621,67,61759,12786,411,12,1345,1
622,60,106244,18280,623,36,2137,0
623,25,49352,16725,655,12,14635,0
624,68,95830,48418,761,36,15735,0
625,46,84365,15610,686,12,6445,0
626,63,37777,27235,642,12,4896,0
627,18,119371,13416,494,60,12530,1
628,62,78747,12810,320,24,10048,1
629,30,82557,7829,741,12,1444,0
630,37,72275,20182,401,12,1388,1
631,25,87030,21215,823,48,6230,0
632,36,67780,22583,351,48,17033,1
633,30,30863,8730,788,48,8634,0
634,46,66762,20278,503,48,19478,1
635,45,69737,38319,701,60,13555,0
636,48,77651,17296,388,36,11843,1
637,23,26005,47617,709,60,18204,1
638,22,103810,43941,432,60,26281,1
639,46,102338,24784,542,12,873,1
640,23,114848,29261,817,24,18777,0
641,50,50174,6464,522,48,4122,1
642,65,52624,28762,589,24,13221,1
643,58,39837,47950,333,24,29765,1
644,30,61574,46181,647,48,25703,0
645,47,119735,15098,357,24,8811,1
646,42,71575,34499,440,60,33009,1
647,36,109607,47154,826,48,3924,0
648,38,81608,43726,612,48,21930,0
649,54,68075,46006,422,12,6188,1
650,57,74745,24658,620,24,15962,0
651,54,94824,20568,395,60,12330,1
652,47,49452,15524,687,60,8877,0
653,61,106770,12603,377,60,3024,1
654,41,69786,30571,703,12,926,0
655,34,77848,6776,609,12,694,0
656,65,107005,5033,310,36,3281,1
657,59,85141,24957,835,12,11449,0
658,56,88741,5803,349,36,4433,1
659,57,74056,23827,494,48,16786,1
660,35,47836,12463,370,36,11429,1
661,60,75248,36376,796,48,25817,0
662,38,70754,23503,700,12,10019,0
663,69,76468,32941,537,60,26697,1
664,19,40269,41864,793,24,32440,1
665,69,57984,24069,519,24,11142,1
666,70,106866,12190,340,60,9732,1
667,24,70824,22477,325,48,11724,1
668,23,86429,20605,583,48,4642,1
669,37,39741,30422,472,60,19630,1
670,21,30081,20405,324,24,10202,1
671,39,72493,10156,301,12,1810,1
672,40,108831,37049,717,48,15300,0
673,70,91922,44774,551,48,15378,1
674,55,90137,36387,846,12,23406,0
675,48,65827,21490,342,48,20078,1
676,67,59001,12129,481,60,141,1
677,25,70380,13882,588,36,11900,1
678,56,89093,11443,723,24,788,0
679,19,107584,32658,335,60,4231,1
680,55,98167,24386,471,36,6820,1
681,18,82895,17536,572,12,8463,1
682,43,96174,48904,413,36,5233,1
683,57,50019,7659,726,60,907,0
684,27,100551,18058,608,60,13888,0
685,62,116891,43271,800,48,26332,0
686,43,84091,16066,553,24,3083,1
687,31,48867,11062,642,24,10285,0
688,24,39457,38461,573,60,26616,1
689,58,37154,8019,365,24,2833,1
690,18,55481,22005,424,24,13059,1
691,52,108560,8514,735,12,1619,0
692,35,67414,30758,682,60,9307,0
693,40,77365,45337,505,24,44187,1
694,41,56442,48568,589,60,27395,1
695,65,77404,8484,536,60,6938,1
696,59,113740,49421,524,36,43962,1
697,33,63928,23224,834,48,7727,0
698,46,96244,45457,667,48,17466,0
699,35,112467,29410,347,48,390,1
700,63,106461,15581,792,36,14948,0
701,40,110979,22438,632,24,15560,0
702,27,31690,40003,794,24,4269,0
703,62,48707,29593,791,36,27339,1
704,56,42060,7395,425,24,3681,1
705,63,47423,20923,538,48,5704,1
706,43,69035,37314,635,24,30149,0
707,26,56556,43762,673,12,34809,1
708,49,43036,12597,589,36,4006,1
709,52,30790,20211,442,12,1328,1
710,57,108180,23958,481,24,12722,1
711,23,61038,24121,636,12,5382,0
712,34,89014,22022,702,60,20616,0
713,20,106771,15275,450,12,13784,1
714,70,39394,13904,554,12,4480,1
715,50,76784,48030,696,36,19784,0
716,67,30203,39487,791,24,32688,1
717,56,50734,34834,344,36,31532,1
718,28,48249,21728,588,36,21361,1
719,68,54603,18556,694,24,5335,0
720,68,77082,32349,804,60,17950,0
721,41,73871,46310,516,60,12991,1
722,58,40209,20003,331,36,17943,1
723,30,77301,21291,373,12,19459,1
724,59,34577,21130,704,60,11477,0
725,63,60285,40608,492,24,37464,1
726,48,112231,41219,357,60,11376,1
727,23,113181,10439,574,24,8294,1
728,20,65670,22237,606,36,14701,0
729,50,103820,16151,402,48,9623,1
730,35,61270,28737,423,36,28230,1
731,60,74572,20531,392,60,3796,1
732,52,81984,21945,772,60,14731,0
733,33,95826,11359,595,48,11032,1
734,52,82181,6306,459,60,4510,1
735,56,64352,24321,832,24,14168,0
736,40,35834,47263,702,12,11107,0
737,39,34972,24297,568,36,1939,1
738,36,108778,31404,305,36,3285,1
739,60,57099,5038,505,60,3042,1
740,41,90397,32670,631,60,13010,0
741,42,106787,14190,496,60,11163,1
742,31,92997,42616,515,24,40173,1
743,58,58532,26320,494,60,2867,1
744,70,98196,47369,559,24,33128,1
745,26,94095,6291,846,48,3862,0
746,21,82917,23705,568,36,16750,1
747,57,116863,16712,648,36,13474,0
748,59,44573,17213,583,48,8603,1
749,50,34882,12033,474,12,1154,1
750,68,111263,15880,418,60,12745,1
751,58,88623,24814,412,12,15503,1
752,26,26585,43440,678,60,30351,1
753,62,89601,31088,326,12,13459,1
754,25,28576,14158,819,48,5176,0
755,55,96421,22191,688,24,3082,0
756,35,76306,10349,772,48,370,0
757,28,66070,35692,530,12,34638,1
758,19,27863,9546,539,48,5250,1
759,26,55354,11464,433,60,5034,1
760,64,92488,24320,516,48,5306,1
761,57,33880,35340,311,48,14501,1
762,60,47767,41927,440,60,4368,1
763,61,26797,41163,637,24,25416,1
764,47,74133,24003,626,12,18921,0
765,59,106903,30384,837,60,7487,0
766,42,84190,49674,561,48,37212,1
767,42,74764,6694,621,24,478,0
768,24,80916,5578,312,12,1235,1
769,19,95706,15426,467,60,2636,1
770,26,104537,25863,779,36,19323,0
771,45,33710,44546,733,48,35020,1
772,31,54533,8857,576,48,3590,1
773,28,86544,31121,383,60,8278,1
774,66,55365,37757,768,60,31753,1
775,27,80184,19520,647,48,10032,0
776,37,80491,10871,687,60,9010,0
777,70,28600,39690,847,24,11837,0
778,38,97010,19387,444,36,11979,1
779,33,74147,20588,660,36,17725,0
780,37,64106,14327,364,24,481,1
781,50,58423,21070,742,60,21026,0
782,68,43595,11861,460,60,9168,1
783,62,36290,25120,683,12,19361,1
784,46,55948,12074,757,60,6870,0
785,28,49275,29842,765,48,19257,0
786,27,99456,16919,439,24,7513,1
787,36,68582,16171,736,48,14429,0
788,31,112472,23341,798,24,6958,0
789,62,83106,15253,482,48,4228,1
790,47,90535,16127,721,12,11022,0
791,62,75784,9347,560,24,309,1
792,43,26296,7839,304,12,5672,1
793,33,29324,36746,592,12,15551,1
794,28,78116,15018,687,60,10997,0
795,51,83623,5145,620,12,4427,0
796,52,89587,21751,627,36,20654,0
797,52,104622,26536,495,24,10351,1
798,40,63107,37002,413,60,4429,1
799,46,110241,39823,428,24,25139,1
800,50,96026,25676,568,48,14191,1
801,27,103477,31085,371,48,13010,1
802,54,35522,31580,557,60,21077,1
803,34,34755,42662,398,36,27097,1
804,21,26888,42341,556,48,34179,1
805,50,63746,18863,484,12,6966,1
806,66,85044,26542,724,60,8408,0
807,49,56038,14411,731,12,14160,0
808,62,85873,10938,323,24,6294,1
809,35,119277,44242,432,48,16943,1
810,54,84700,19361,496,12,7311,1
811,25,27465,43235,701,60,33100,1
812,46,60085,42197,794,48,23646,0
813,52,100223,13476,682,36,8286,0
814,58,107208,33817,665,48,1696,0
815,57,65776,39363,635,48,18310,0
816,20,91043,37942,597,12,1697,1
817,34,32660,30793,325,12,14303,1
818,66,116498,44266,605,24,43082,0
819,60,108519,9964,410,60,7843,1
820,23,85727,8034,768,48,7417,0
821,51,57498,31849,797,48,6198,0
822,61,53136,13660,632,60,4842,0
823,69,86222,22957,434,48,18723,1
824,20,30883,43998,306,36,14533,1
825,63,55962,31890,698,36,23274,0
826,26,74078,45155,484,24,2585,1
827,58,67193,35218,820,12,28574,0
828,59,80456,13578,405,48,6727,1
829,49,105101,20681,498,60,3002,1
830,20,33934,21970,656,12,7470,0
831,44,31802,11951,437,24,2194,1
832,34,83487,37815,558,60,27628,1
833,19,71236,26871,453,24,4980,1
834,60,99917,31161,468,48,26321,1
835,38,31329,47482,747,24,39028,1
836,24,83205,48126,825,12,38681,0
837,22,35094,8247,317,24,1115,1
838,67,108428,45981,682,36,23294,0
839,34,103899,18029,480,24,8903,1
840,65,114955,8556,627,60,6268,0
841,54,103416,48226,658,36,19709,0
842,20,77936,35012,623,60,31440,0
843,57,50006,44425,742,12,29744,1
844,65,43312,27768,512,12,11877,1
845,53,43713,27001,561,48,21338,1
846,66,25741,16546,644,24,10952,0
847,33,36438,23385,522,12,16943,1
848,43,111082,31996,831,48,22017,0
849,23,74535,11899,369,48,9029,1
850,34,114942,43443,769,36,15855,0
851,30,77710,45005,553,12,15754,1
852,50,106370,31057,850,60,16808,0
853,25,33867,18123,814,24,10666,0
854,32,92762,21856,306,36,17774,1
855,35,41583,38147,848,24,37080,1
856,25,26977,21583,409,36,10321,1
857,27,70114,6419,819,60,4981,0
858,18,98723,31049,754,48,30442,0
859,22,113097,40468,774,60,10023,0
860,28,80235,39847,792,36,31190,0
861,61,37851,40050,632,24,38957,1
862,23,76766,49792,694,12,48925,1
863,25,106407,7619,746,36,2621,0
864,44,26694,28241,559,24,8353,1
865,43,57644,22109,539,24,20968,1
866,70,31118,37646,838,12,19257,1
867,30,91863,31455,642,60,19802,0
868,63,57738,30142,467,48,19497,1
869,27,98026,25519,555,24,15112,1
870,58,61837,21292,355,60,10227,1
871,23,106713,26134,789,12,21766,0
872,58,106483,30048,746,36,25711,0
873,43,88604,28257,367,24,27537,1
874,34,31702,49073,667,36,33654,1
875,23,84353,41283,582,24,3466,1
876,70,78694,33179,464,60,6759,1
877,70,56411,15906,425,12,11336,1
878,46,27418,37306,655,36,15918,1
879,26,111860,28658,683,36,11798,0
880,23,109898,42491,357,24,22790,1
881,58,96356,39335,716,24,8300,0
882,28,80801,12487,783,36,3638,0
883,32,89364,46215,348,36,6118,1
884,46,72116,41375,434,60,8669,1
885,60,90480,20060,824,36,9136,0
886,32,49979,38838,379,12,35012,1
887,32,112442,40621,669,60,19759,0
888,22,45313,33587,830,48,30508,1
889,47,51813,23011,603,36,15967,0
890,27,56173,31245,491,24,9641,1
891,65,106719,40149,689,36,37584,0
892,26,46192,35901,575,48,19012,1
893,53,81512,48010,346,48,39094,1
894,59,73984,11793,439,60,2497,1
895,34,27845,43843,832,12,34803,1
896,41,53439,25645,716,60,25612,0
897,56,44804,6622,540,48,2375,1
898,20,40266,41617,780,60,10927,0
899,53,30751,34523,415,60,6320,1
900,32,30504,39078,523,48,3090,1
901,68,67700,29872,658,36,12052,0
902,24,100785,26850,306,24,16390,1
903,29,105419,23865,707,36,18757,0
904,23,110833,22085,621,60,3395,0
905,56,52529,6140,661,60,2261,0
906,32,70878,9144,675,48,4053,0
907,50,56173,17657,749,24,484,0
908,47,57588,13806,579,48,11953,1
909,47,48476,22492,468,24,1253,1
910,41,45565,41186,561,24,14292,1
911,57,54445,5637,630,12,2268,0
912,27,77929,32769,308,24,8870,1
913,52,40073,33963,523,60,3853,1
914,25,95212,44306,491,48,16014,1
915,45,84929,16477,598,60,7923,1
916,19,52702,41847,337,48,32117,1
917,68,47534,12623,714,60,11313,0
918,51,36805,18176,657,24,17064,0
919,32,94269,25820,701,12,9275,0
920,58,64624,43623,413,36,40961,1
921,50,65507,12513,456,60,10395,1
922,66,28905,24026,589,36,9444,1
923,40,80044,19925,617,24,8046,0
924,24,72691,9344,696,48,3656,0
925,35,81441,20289,737,48,237,0
926,36,104525,25720,737,48,20254,0
927,58,43937,22557,499,12,18730,1
928,44,63167,5924,594,36,2229,1
929,29,48739,31943,371,12,29152,1
930,26,52213,42542,570,24,27778,1
931,64,40983,9763,719,36,2242,0
932,44,57943,37013,688,48,21702,0
933,49,47454,37238,374,12,13432,1
934,69,68776,25460,419,60,23775,1
935,19,116134,28702,657,60,12272,0
936,27,54878,10981,443,12,1609,1
937,68,47959,37985,532,12,37491,1
938,49,89626,38372,352,36,34629,1
939,62,95384,31945,340,12,17629,1
940,34,70569,47561,345,36,32604,1
941,68,67867,19035,464,36,677,1
942,37,91042,48708,734,60,27114,0
943,18,92243,33393,768,12,30158,0
944,61,89659,29759,801,36,21856,0
945,35,86636,45959,639,12,26961,0
946,26,119355,33748,455,24,32107,1
947,40,91410,5657,401,24,5048,1
948,24,69513,40735,784,24,2455,0
949,43,71849,44941,437,36,13428,1
950,37,108577,26090,641,60,23892,0
951,46,54606,24031,747,24,1211,0
952,68,114436,34692,638,36,18752,0
953,32,117679,5651,471,12,1200,1
954,20,44461,11560,654,12,10272,0
955,53,64324,21056,818,12,5390,0
956,52,26701,28529,550,24,4857,1
957,55,39746,12546,850,12,6647,0
958,68,58973,14614,833,12,5366,0
959,42,91892,30225,843,12,5142,0
960,45,49652,44898,493,36,10543,1
961,33,108129,20955,374,60,17732,1
962,23,29850,23860,610,24,8350,0
963,53,80636,31409,324,60,25559,1
964,60,107135,38030,527,48,29840,1
965,40,30862,5653,646,60,2152,0
966,56,71412,10261,549,24,5128,1
967,34,61517,23416,306,12,10207,1
968,43,103958,43700,648,36,8117,0
969,48,31067,39219,623,36,31774,1
970,32,83226,33717,803,12,11852,0
971,55,77089,16852,544,60,5619,1
972,43,65535,20450,596,60,11854,1
973,40,73416,40950,815,36,40865,1
974,64,78803,22988,724,60,9901,0
975,31,79483,25718,438,36,18571,1
976,31,53199,49324,591,48,10084,1
977,44,111525,27779,403,60,20955,1
978,52,33238,39044,652,48,3049,0
979,47,71254,25860,788,60,24631,0
980,63,119273,17536,367,36,4539,1
981,55,91434,39234,598,12,16773,1
982,59,74080,26183,679,24,18311,0
983,30,84303,13926,668,24,11411,0
984,21,90068,13935,376,60,10350,1
985,31,117980,6612,417,24,6364,1
986,58,32467,22663,480,60,17660,1
987,43,116216,30834,780,60,22573,0
988,59,50755,10835,821,12,762,0
989,40,41564,29794,656,12,5115,0
990,42,95256,42403,427,12,36061,1
991,51,37809,12955,330,60,12904,1
992,32,44087,49365,694,36,45649,1
993,34,117588,31129,525,60,4680,1
994,38,75538,29634,772,60,13458,0
995,70,25528,31468,461,36,22404,1
996,68,119451,38254,630,24,1121,0
997,58,118628,10177,395,36,1602,1
998,23,83618,20282,661,36,10561,0
999,33,31747,26726,516,48,2534,1
1000,22,41685,22899,741,24,979,0
